Year,Week,Percent of Deaths Due to Pneumonia and Influenza,Expected,Threshold,All Deaths,Pneumonia Deaths,Influenza Deaths,,act %,dead,exp %,expected dead
2012,1,8.479120191,8.15718,8.49104,51102,4323,10,,0.000195687,10,0.000188257,9.620314156
2012,2,8.343471606,8.22181,8.55556,50962,4245,7,,0.000137357,7,0.000135354,6.89792843
2012,3,8.370907665,8.27534,8.60898,51010,4261,9,,0.000176436,9,0.000174422,8.897250212
2012,4,8.448458027,8.31696,8.65049,50163,4227,11,,0.000219285,11,0.000215872,10.82878789
2012,5,8.140332473,8.34602,8.67945,49568,4026,9,,0.000181569,9,0.000186157,9.227409353
2012,6,8.109680266,8.36208,8.6954,49854,4024,19,,0.000381113,19,0.000392974,19.59134205
2012,7,8.179700762,8.36486,8.69807,50662,4129,15,,0.00029608,15,0.000302782,15.33954648
2012,8,8.292069481,8.3543,8.6874,50892,4191,29,,0.000569834,29,0.000574111,29.21763989
2012,9,8.406218676,8.33051,8.6635,50879,4234,43,,0.000845142,43,0.000837531,42.61273039
2012,10,8.681513599,8.2938,8.62668,50740,4346,59,,0.001162791,59,0.001110861,56.36507902
2012,11,8.572442062,8.24467,8.57744,50744,4288,62,,0.001221819,62,0.001175102,59.62939572
2012,12,8.349557881,8.18379,8.51646,49308,4060,57,,0.001155999,57,0.001133048,55.86835095
2012,13,7.975231429,8.11203,8.44458,48287,3796,55,,0.001139023,55,0.001158561,55.94341104
2012,14,8.01182038,8.03036,8.36281,48391,3829,48,,0.00099192,48,0.000994215,48.1110736
2012,15,7.70626121,7.93996,8.2723,49064,3758,23,,0.000468775,23,0.000482991,23.69749416
2012,16,7.622300393,7.84208,8.17431,48896,3690,37,,0.000756708,37,0.000778527,38.06684925
2012,17,7.504729435,7.7381,8.07023,48103,3573,37,,0.000769183,37,0.000793102,38.15056925
2012,18,7.437636029,7.6295,7.96152,47784,3527,27,,0.000565043,27,0.000579619,27.69650185
2012,19,7.159214948,7.51781,7.84971,46723,3330,15,,0.000321041,15,0.000337122,15.751329
2012,20,7.117627032,7.4046,7.7364,46996,3329,16,,0.000340455,16,0.000354181,16.64509807
2012,21,7.064485082,7.29147,7.62316,46755,3290,13,,0.000278045,13,0.000286979,13.41769554
2012,22,6.835267023,7.18002,7.5116,46026,3138,8,,0.000173815,8,0.000182582,8.40349906
2012,23,6.638762433,7.07181,7.40328,46349,3068,9,,0.000194179,9,0.000206845,9.587071482
2012,24,6.747456613,6.96838,7.29974,46788,3153,4,,8.5492E-05,4,8.82912E-05,4.130966911
2012,25,6.826656261,6.87116,7.20241,46128,3147,2,,4.33576E-05,2,4.36403E-05,2.013038225
2012,26,6.862425939,6.78153,7.11267,46077,3159,3,,6.51084E-05,3,6.43409E-05,2.964635273
2012,27,6.447052776,6.70073,7.03176,46688,3004,6,,0.000128513,6,0.000133569,6.236086689
2012,28,6.607881559,6.62988,6.96081,45930,3033,2,,4.35445E-05,2,4.36895E-05,2.006658243
2012,29,6.557091542,6.56997,6.90079,45935,3011,1,,2.17699E-05,1,2.18126E-05,1.00196405
2012,30,6.330222982,6.52181,6.85252,45654,2889,1,,2.19039E-05,1,2.25668E-05,1.030265445
2012,31,6.620209059,6.48604,6.81665,45920,3039,1,,2.1777E-05,1,2.13357E-05,0.979733411
2012,32,6.570429829,6.46314,6.79364,46344,3040,5,,0.000107889,5,0.000106127,4.918354026
2012,33,6.583304287,6.45339,6.78377,45904,3018,4,,8.71384E-05,4,8.54188E-05,3.921064389
2012,34,6.425215942,6.45687,6.78715,46193,2964,4,,8.65932E-05,4,8.70198E-05,4.019706144
2012,35,6.523897932,6.47348,6.80365,46322,3017,5,,0.00010794,5,0.000107106,4.961359043
2012,36,6.667666852,6.50294,6.833,46658,3109,2,,4.28651E-05,2,4.18061E-05,1.950589357
2012,37,6.82490659,6.54475,6.87471,46301,3160,0,,0,0,0,0
2012,38,6.72440911,6.59828,6.92812,46413,3120,1,,2.15457E-05,1,2.11416E-05,0.981243094
2012,39,6.784984086,6.66267,6.99241,47443,3217,2,,4.21559E-05,2,4.13959E-05,1.963945653
2012,40,6.711759671,6.67667,7.03999,47901,3210,5,,0.000104382,5,0.000103836,4.973859559
2012,41,6.914860391,6.76134,7.12446,48027,3315,6,,0.00012493,6,0.000122156,5.866790898
2012,42,6.952222701,6.85463,7.21755,48747,3382,7,,0.000143599,7,0.000141583,6.901736619
2012,43,7.086729669,6.95512,7.31783,47723,3376,6,,0.000125726,6,0.000123391,5.888572296
2012,44,6.848223589,7.06129,7.42379,48947,3349,3,,6.12908E-05,3,6.31977E-05,3.093337962
2012,45,6.887515253,7.17154,7.53383,49989,3434,9,,0.00018004,9,0.000187464,9.371138593
2012,46,7.068168108,7.28421,7.6463,49730,3495,20,,0.000402172,20,0.000414464,20.61130943
2012,47,6.981922711,7.39762,7.75951,49399,3430,19,,0.000384623,19,0.000407523,20.13124261
2012,48,7.580785336,7.51007,7.87175,50628,3807,31,,0.000612309,31,0.000606598,30.71082476
2012,49,7.72958051,7.61988,7.98135,51801,3940,64,,0.001235497,64,0.001217963,63.09169293
2012,50,7.897042503,7.7254,8.08667,51361,3959,97,,0.001888593,97,0.001847544,94.89170151
2012,51,8.256341181,7.82505,8.18612,52711,4208,144,,0.002731878,144,0.002589171,136.4777903
2012,52,8.987148214,7.91735,8.27821,54934,4705,232,,0.00422325,232,0.003720529,204.3835437
2013,1,10.16324114,8.00091,8.36156,59115,5599,409,,0.006918718,409,0.005446691,321.9811618
2013,2,11.05025084,8.07448,8.43492,60795,6065,653,,0.010741015,653,0.00784852,477.1507467
2013,3,11.10566522,8.13694,8.49718,59168,5938,633,,0.01069835,633,0.007838507,463.7887887
2013,4,10.62711747,8.18735,8.54739,57852,5646,502,,0.008677315,502,0.006685182,386.7511309
2013,5,10.0729383,8.22494,8.58477,56349,5284,392,,0.006956645,392,0.005680367,320.0830169
2013,6,9.495762103,8.24912,8.60875,55688,5020,268,,0.004812527,268,0.004180719,232.8158747
2013,7,9.360185219,8.25951,8.61893,54422,4885,209,,0.003840359,209,0.003388766,184.4234435
2013,8,8.877543387,8.25591,8.61512,53472,4580,167,,0.00312313,167,0.002904439,155.3061371
2013,9,8.732118288,8.23833,8.59734,53057,4485,148,,0.002789453,148,0.002631713,139.6308204
2013,10,8.474735165,8.20699,8.5658,53335,4417,103,,0.00193119,103,0.001870177,99.74588628
2013,11,8.510156736,8.16231,8.52091,53019,4403,109,,0.002055867,109,0.001971835,104.5447008
2013,12,8.194895235,8.10488,8.46328,52069,4184,83,,0.001594039,83,0.001576529,82.08830262
2013,13,8.176780646,8.03551,8.3937,51793,4179,56,,0.001081227,56,0.001062547,55.03248521
2013,14,7.989479836,7.95515,8.31313,51330,4051,50,,0.000974089,50,0.000969904,49.785156
2013,15,7.810748628,7.86492,8.2227,50853,3937,35,,0.000688258,35,0.000693032,35.24274216
2013,16,7.767617433,7.76609,8.12366,49539,3826,22,,0.000444095,22,0.000444007,21.9956739
2013,17,7.470063905,7.66003,8.0174,48353,3585,27,,0.000558393,27,0.000572594,27.68661857
2013,18,7.265133973,7.54824,7.9054,48368,3504,10,,0.000206748,10,0.000214805,10.38967764
2013,19,7.104395375,7.43229,7.78925,47914,3393,11,,0.000229578,11,0.000240174,11.50769146
2013,20,7.006315612,7.31381,7.67055,47343,3313,4,,8.44898E-05,4,8.81979E-05,4.17555269
2013,21,6.893051973,7.19445,7.55099,47294,3248,12,,0.000253732,12,0.000264826,12.52469883
2013,22,6.53032319,7.07589,7.43222,46598,3040,3,,6.43804E-05,3,6.9759E-05,3.250630847
2013,23,7.131149286,6.95979,7.31592,46977,3342,8,,0.000170296,8,0.000166204,7.807762503
2013,24,7.0424654,6.84777,7.20369,46532,3271,6,,0.000128944,6,0.000125379,5.83412451
2013,25,6.732114793,6.74139,7.09711,46449,3123,4,,8.6116E-05,4,8.62346E-05,4.005511021
2013,26,6.590776793,6.64213,6.99765,46383,3055,2,,4.31192E-05,2,4.34552E-05,2.015583355
2013,27,6.391783524,6.55137,6.90668,46638,2976,5,,0.000107209,5,0.000109885,5.124837203
2013,28,6.63578561,6.47035,6.82545,45767,3035,2,,4.36996E-05,2,4.26101E-05,1.95013835
2013,29,6.607413831,6.40017,6.75507,46130,3041,7,,0.000151745,7,0.000146986,6.780442567
2013,30,6.217919563,6.34179,6.69649,46173,2866,5,,0.000108288,5,0.000110446,5.099607623
2013,31,6.362966495,6.29599,6.65047,46142,2929,7,,0.000151706,7,0.000150109,6.926318099
2013,32,6.474820144,6.26334,6.61762,46009,2976,3,,6.52046E-05,3,6.30749E-05,2.9020142
2013,33,6.544034215,6.24426,6.59834,45828,2996,3,,6.54622E-05,3,6.24634E-05,2.862573664
2013,34,6.464795774,6.23895,6.59282,46003,2970,4,,8.69509E-05,4,8.39132E-05,3.860261155
2013,35,6.261076291,6.24741,6.60108,46270,2891,6,,0.000129674,6,0.000129391,5.98690357
2013,36,6.272350321,6.26946,6.62292,45581,2858,1,,2.1939E-05,1,2.19289E-05,0.999539196
2013,37,6.473542912,6.30469,6.65795,46188,2983,7,,0.000151555,7,0.000147601,6.817415224
2013,38,6.510578885,6.35254,6.70558,46555,3027,4,,8.59199E-05,4,8.38342E-05,3.902903328
2013,39,6.546062503,6.41223,6.76507,46654,3043,11,,0.000235778,11,0.000230958,10.77510793
2013,40,6.617956709,6.36132,6.77011,47492,3140,3,,6.31685E-05,3,6.07189E-05,2.883663469
2013,41,6.652714358,6.45326,6.86185,47304,3135,12,,0.000253678,12,0.000246073,11.64022921
2013,42,6.779126927,6.55439,6.96279,47602,3216,11,,0.000231083,11,0.000223422,10.63533561
2013,43,6.622544297,6.66322,7.07142,47746,3151,11,,0.000230386,11,0.000231801,11.06756206
2013,44,6.73063124,6.77811,7.18613,48777,3271,12,,0.000246018,12,0.000247753,12.08464958
2013,45,7.041418909,6.89738,7.3052,48939,3429,17,,0.000347371,17,0.000340265,16.65224886
2013,46,6.749782428,7.01924,7.42687,49409,3320,15,,0.000303588,15,0.000315708,15.59881391
2013,47,6.973039463,7.1419,7.54933,49591,3430,28,,0.000564619,28,0.000578291,28.67805368
2013,48,6.934750852,7.26355,7.67079,49288,3385,33,,0.000669534,33,0.000701279,34.56463759
2013,49,7.155789971,7.38238,7.78943,50812,3594,42,,0.000826576,42,0.00085275,43.32994138
2013,50,7.568276501,7.49666,7.90351,51848,3856,68,,0.001311526,68,0.001299115,67.35653486
2013,51,7.657760524,7.60468,8.01135,52548,3917,107,,0.002036234,107,0.002022119,106.2583189
2013,52,7.985910613,7.70487,8.11134,51954,3942,207,,0.003984294,207,0.003844078,199.7152444
2014,1,9.083098302,7.79573,8.20201,53539,4512,351,,0.006555969,351,0.005626776,301.251967
2014,2,9.781089893,7.87593,8.28201,55822,4999,461,,0.008258393,461,0.006649824,371.2064575
2014,3,10.03700447,7.94428,8.35017,54588,5005,474,,0.008683227,474,0.006872766,375.1705732
2014,4,9.658576261,7.99977,8.40546,54097,4783,442,,0.008170509,442,0.00676727,366.0889809
2014,5,9.27957308,8.04157,8.44707,53968,4623,385,,0.007133857,385,0.006182118,333.6365179
2014,6,8.970566207,8.06905,8.47436,53408,4476,315,,0.005897993,315,0.005305261,283.3434023
2014,7,8.648809303,8.08179,8.48691,53834,4385,271,,0.005033993,271,0.004703963,253.2331346
2014,8,7.971826173,8.07959,8.48451,52673,3990,209,,0.003967877,209,0.004021515,211.8252798
2014,9,7.793790502,8.06246,8.46718,51695,3868,161,,0.003114421,161,0.003221782,166.5500323
2014,10,8.014981273,8.03061,8.43515,52065,4048,125,,0.002400845,125,0.002405527,125.2437424
2014,11,7.791530693,7.98451,8.38885,51787,3942,93,,0.001795817,93,0.001840296,95.30340818
2014,12,7.603260764,7.92477,8.32892,51399,3834,74,,0.001439717,74,0.001500596,77.12914211
2014,13,7.589215532,7.85226,8.25622,50888,3797,65,,0.001277315,65,0.001321587,67.25291934
2014,14,7.622622229,7.768,8.17176,50888,3824,55,,0.001080805,55,0.001101418,56.04895365
2014,15,7.498373775,7.67317,8.07674,50731,3730,74,,0.001458674,74,0.001492678,75.72503012
2014,16,7.310380741,7.56914,7.97251,49929,3595,55,,0.001101564,55,0.001140555,56.94678769
2014,17,7.116097366,7.45737,7.86055,49915,3498,54,,0.001081839,54,0.001133722,56.58972317
2014,18,7.132073193,7.33946,7.74245,49677,3490,53,,0.001066892,53,0.001097915,54.54113684
2014,19,7.055434135,7.21708,7.61988,50330,3512,39,,0.000774886,39,0.000792639,39.89352244
2014,20,6.777362899,7.09198,7.49458,47939,3222,27,,0.000563216,27,0.000589361,28.25338747
2014,21,6.719058591,6.96593,7.36833,48608,3242,24,,0.000493746,24,0.000511887,24.88180714
2014,22,6.548904019,6.84072,7.24293,48176,3140,15,,0.000311358,15,0.000325232,15.66839271
2014,23,6.779377302,6.71812,7.12014,47792,3220,20,,0.00041848,20,0.000414699,19.8192834
2014,24,6.766445787,6.59988,7.00171,47839,3222,15,,0.000313552,15,0.000305833,14.63075344
2014,25,6.476542484,6.48767,6.88931,47618,3077,7,,0.000147003,7,0.000147256,7.012026882
2014,26,6.323086324,6.38307,6.78451,47461,2998,3,,6.32098E-05,3,6.38094E-05,3.028459366
2014,27,6.337092864,6.28754,6.68879,47435,3000,6,,0.000126489,6,0.0001255,5.953083032
2014,28,6.302529859,6.20243,6.60349,47473,2988,4,,8.42584E-05,4,8.29202E-05,3.936470045
2014,29,6.246295826,6.12893,6.52979,47244,2944,7,,0.000148167,7,0.000145383,6.868472323
2014,30,6.336012214,6.06804,6.46871,47159,2985,3,,6.36146E-05,3,6.09241E-05,2.873119461
2014,31,6.230582628,6.02061,6.42108,46994,2923,5,,0.000106397,5,0.000102811,4.8314984
2014,32,6.038914143,5.98727,6.38755,47078,2842,1,,2.12413E-05,1,2.10597E-05,0.991448108
2014,33,6.147330596,5.96845,6.36854,46752,2869,5,,0.000106947,5,0.000103835,4.854505469
2014,34,6.163153619,5.96439,6.36428,46778,2877,6,,0.000128265,6,0.000124129,5.806498136
2014,35,6.064762231,5.97507,6.37477,46663,2825,5,,0.000107151,5,0.000105567,4.926054619
2014,36,6.249868346,6.00031,6.39981,47473,2966,1,,2.10646E-05,1,2.02235E-05,0.960069824
2014,37,6.142087671,6.03967,6.43899,46971,2881,4,,8.51589E-05,4,8.37389E-05,3.933301069
2014,38,6.231022004,6.09255,6.49168,48082,2990,6,,0.000124787,6,0.000122014,5.866661998
2014,39,6.24315896,6.15813,6.55706,48421,3017,6,,0.000123913,6,0.000122226,5.918282753
2014,40,6.370177397,6.23694,6.65537,48366,3075,6,,0.000124054,6,0.000121459,5.874505162
2014,41,6.381685575,6.33393,6.75197,49360,3142,8,,0.000162075,8,0.000160862,7.940134218
2014,42,6.291888379,6.44181,6.85947,49238,3085,13,,0.000264024,13,0.000270315,13.30976091
2014,43,6.547655438,6.55892,6.97621,49071,3202,11,,0.000224165,11,0.000224551,11.01892436
2014,44,6.470504214,6.68349,7.10039,49007,3154,17,,0.000346889,17,0.000358308,17.55957901
2014,45,6.305706282,6.81363,7.23015,51049,3208,11,,0.000215479,11,0.000232836,11.88604839
2014,46,6.445103858,6.94736,7.3635,50550,3240,18,,0.000356083,18,0.000383832,19.40270983
2014,47,6.493061504,7.08268,7.49843,52533,3380,31,,0.000590105,31,0.000643691,33.81503161
2014,48,6.68067713,7.21754,7.63292,51866,3419,46,,0.000886901,46,0.000958173,49.69658517
2014,49,7.020171381,7.34994,7.76494,52748,3620,83,,0.001573519,83,0.001647435,86.89887852
2014,50,7.383202002,7.47788,7.8925,53554,3785,169,,0.003155693,169,0.00319616,171.1671602
2014,51,8.07366995,7.59945,8.01368,54622,4098,312,,0.005711984,312,0.005376482,293.6741797
2014,52,8.524309274,7.71283,8.12668,56028,4264,512,,0.009138288,512,0.00826836,463.2597004
2014,53,10.1910828,7.81631,8.22978,59346,5034,1014,,0.01708624,1014,0.013104726,777.7130748
2015,1,10.81133603,7.90836,8.32144,61750,5576,1100,,0.017813765,1100,0.013030551,804.6365385
2015,2,10.74681537,7.98757,8.40028,61153,5589,983,,0.016074436,983,0.011947324,730.6147021
2015,3,10.05235066,8.05277,8.4651,58643,5184,711,,0.012124209,711,0.009712501,569.5702094
2015,4,9.500453816,8.10296,8.5149,57292,4857,586,,0.010228304,586,0.008723745,499.800815
2015,5,9.10707437,8.13736,8.54892,57362,4740,484,,0.008437642,484,0.007539208,432.4640472
2015,6,8.80847308,8.15544,8.56662,56650,4585,405,,0.007149162,405,0.006619145,374.9745467
2015,7,8.445534596,8.15689,8.56769,56669,4501,285,,0.005029205,285,0.004857321,275.2595024
2015,8,8.48601051,8.14164,8.55206,56328,4559,221,,0.003923448,221,0.003764231,212.0316064
2015,9,8.382004177,8.10989,8.51993,56502,4546,190,,0.003362713,190,0.003253545,183.831822
2015,10,8.262757482,8.06204,8.4717,55732,4446,159,,0.002852939,159,0.002783636,155.1375994
2015,11,7.960701497,7.99875,8.40802,54455,4196,139,,0.002552566,139,0.002564766,139.6643563
2015,12,7.533707865,7.92088,8.32977,53400,3902,121,,0.002265918,121,0.002382368,127.2184291
2015,13,7.410331604,7.82952,8.23803,53196,3843,99,,0.001861042,99,0.001966318,104.6002421
2015,14,7.453674787,7.72594,8.13407,52833,3838,100,,0.001892756,100,0.001961894,103.6527649
2015,15,7.565870359,7.61159,8.01934,52869,3925,75,,0.001418601,75,0.001427173,75.45321594
2015,16,7.497820401,7.48808,7.89545,51615,3807,63,,0.001220575,63,0.00121899,62.91815685
2015,17,7.19156128,7.35712,7.76411,51477,3652,50,,0.000971308,50,0.000993668,51.15106243
2015,18,6.922972738,7.22057,7.62718,51683,3550,28,,0.000541764,28,0.000565053,29.20363371
2015,19,6.896075725,7.08034,7.48656,50710,3475,22,,0.000433839,22,0.000445432,22.58784361
2015,20,6.588911837,6.93838,7.34422,49386,3240,14,,0.000283481,14,0.000298517,14.74254359
2015,21,6.803499057,6.79668,7.20214,49842,3373,18,,0.000361141,18,0.000360779,17.98195884
2015,22,6.512647692,6.65722,7.0623,49258,3198,10,,0.000203013,10,0.000207519,10.22198699
2015,23,6.475253489,6.52194,6.92664,49805,3214,11,,0.000220861,11,0.000222454,11.07930989
2015,24,6.426128034,6.39271,6.79703,49112,3150,6,,0.00012217,6,0.000121534,5.968797976
2015,25,6.52563789,6.27133,6.67527,49068,3198,4,,8.15195E-05,4,7.83427E-05,3.844117682
2015,26,6.332507413,6.15946,6.56301,49238,3112,6,,0.000121857,6,0.000118527,5.836038964
2015,27,6.308993585,6.05862,6.4618,48946,3081,7,,0.000143015,7,0.000137339,6.722203697
2015,28,6.170057254,5.97019,6.37298,49254,3032,7,,0.00014212,7,0.000137517,6.773248331
2015,29,6.191670435,5.89534,6.29775,48646,3009,3,,6.167E-05,3,5.87185E-05,2.856421411
2015,30,5.998192944,5.83506,6.23709,48698,2917,4,,8.21389E-05,4,7.9905E-05,3.89121194
2015,31,6.110156687,5.79012,6.19177,48313,2948,4,,8.27935E-05,4,7.84569E-05,3.79048872
2015,32,5.914580999,5.76107,6.16234,48186,2842,8,,0.000166023,8,0.000161714,7.792362639
2015,33,6.068922823,5.74822,6.14911,48460,2935,6,,0.000123813,6,0.000117271,5.682939297
2015,34,6.000206122,5.75166,6.15217,48515,2906,5,,0.000103061,5,9.87918E-05,4.792885347
2015,35,6.038478894,5.77123,6.17135,48754,2941,3,,6.15334E-05,3,5.88101E-05,2.867227046
2015,36,6.048312742,5.80655,6.20629,48807,2949,3,,6.14666E-05,3,5.90097E-05,2.880084206
2015,37,6.165376682,5.85699,6.25636,48967,3013,6,,0.000122532,6,0.000116403,5.699885313
2015,38,6.205245755,5.92174,6.32072,49297,3051,8,,0.000162282,8,0.000154867,7.634495372
2015,39,6.272119142,5.99975,6.39835,48883,3060,6,,0.000122742,6,0.000117412,5.739447734
2015,40,6.302356533,6.08979,6.48801,51092,3206,14,,0.000274016,14,0.000264773,13.52780655
2015,41,6.299716193,6.19047,6.58831,50034,3145,7,,0.000139905,7,0.000137479,6.878609873
2015,42,6.368188513,6.30023,6.69769,50925,3227,16,,0.000314188,16,0.000310835,15.82925502
2015,43,6.313516512,6.4174,6.81449,50479,3170,17,,0.000336774,17,0.000342315,17.27972039
2015,44,6.595145973,6.5402,6.9369,51174,3355,20,,0.000390823,20,0.000387567,19.83337451
2015,45,6.388680881,6.66676,7.06309,50746,3228,14,,0.000275884,14,0.000287892,14.60937582
2015,46,6.504535804,6.79518,7.19113,51810,3357,13,,0.000250917,13,0.000262129,13.58088304
2015,47,6.507933425,6.92352,7.31909,51491,3337,14,,0.000271892,14,0.000289255,14.89401837
2015,48,6.689971765,7.04985,7.44505,52063,3461,22,,0.000422565,22,0.000445296,23.18346107
2015,49,6.617920667,7.17228,7.5671,53748,3537,20,,0.000372107,20,0.000403277,21.67532783
2015,50,6.71169189,7.28896,7.68341,52267,3482,26,,0.000497446,26,0.000540231,28.23624253
2015,51,6.672430644,7.39817,7.79224,53204,3535,15,,0.000281934,15,0.000312599,16.63150296
2015,52,7.519011407,7.49824,7.89195,52600,3924,31,,0.000589354,31,0.000587726,30.91436193
2016,1,7.655373811,7.58769,7.98103,55817,4241,32,,0.000573302,32,0.000568233,31.71707692
2016,2,7.761398204,7.66517,8.05814,55557,4282,30,,0.000539986,30,0.000533291,29.62805077
2016,3,7.396337156,7.72951,8.12211,55203,4047,36,,0.000652138,36,0.000681514,37.62164354
2016,4,7.485621855,7.77974,8.17196,55640,4115,50,,0.000898634,50,0.000933942,51.96455385
2016,5,7.517282674,7.81507,8.20693,55113,4082,61,,0.001106817,61,0.001150662,63.41643526
2016,6,7.361907854,7.83497,8.22646,55434,3989,92,,0.001659631,92,0.001766276,97.91174439
2016,7,7.479697963,7.8391,8.23023,56152,4051,149,,0.002653512,149,0.002781014,156.1595008
2016,8,8.004711852,7.82736,8.21813,55180,4230,187,,0.003388909,187,0.003313825,182.8568407
2016,9,8.062756042,7.79988,8.19029,55899,4250,257,,0.004597578,257,0.00444768,248.6208375
2016,10,8.147937209,7.75703,8.14707,56186,4284,294,,0.00523262,294,0.004981579,279.894992
2016,11,8.254224242,7.69937,8.08906,54566,4153,351,,0.006432577,351,0.006000175,327.4055551
2016,12,8.19127578,7.62771,8.01704,54790,4193,295,,0.005384194,295,0.005013758,274.7037837
2016,13,7.749234907,7.54303,7.93201,53915,3896,282,,0.005230455,282,0.005091274,274.4960613
2016,14,7.758349524,7.44652,7.83514,54045,3943,250,,0.004625775,250,0.004439852,239.9518086
2016,15,7.642096994,7.33953,7.7278,53467,3890,196,,0.003665813,196,0.003520675,188.23994
2016,16,7.212361898,7.22355,7.61148,53131,3684,148,,0.002785568,148,0.002789889,148.2295835
2016,17,6.907436817,7.10022,7.4878,51003,3396,127,,0.00249005,127,0.002559546,130.5445079
2016,18,6.814057408,6.97127,7.3585,51247,3401,91,,0.001775714,91,0.001816683,93.0995341
2016,19,6.498754389,6.8385,7.22538,50979,3239,74,,0.001451578,74,0.001527465,77.86861446
2016,20,6.58392974,6.70377,7.09032,50441,3287,34,,0.000674055,34,0.000686324,34.61886578
2016,21,6.394784297,6.56898,6.95518,50463,3197,30,,0.000594495,30,0.000610689,30.81720834
2016,22,6.120189986,6.436,6.82187,49688,3024,17,,0.000342135,17,0.00035979,17.87722281
2016,23,6.391293891,6.3067,6.69223,49896,3172,17,,0.000340709,17,0.000336199,16.77499139
2016,24,5.888365568,6.18287,6.56807,49895,2920,18,,0.000360758,18,0.000378801,18.90026336
2016,25,5.820329825,6.06623,6.4511,49602,2875,12,,0.000241926,12,0.000252147,12.50698194
2016,26,5.879513225,5.95839,6.34293,49715,2913,10,,0.000201147,10,0.000203845,10.13415528
2016,27,5.882826656,5.86084,6.24505,49670,2912,10,,0.000201329,10,0.000200576,9.962625695
2016,28,5.90796396,5.77491,6.1588,49611,2925,6,,0.000120941,6,0.000118217,5.864873285
2016,29,5.626852942,5.70175,6.08532,49246,2766,5,,0.000101531,5,0.000102883,5.066553239
2016,30,5.652287687,5.64235,6.0256,49679,2803,5,,0.000100646,5,0.000100469,4.991209146
2016,31,5.750146533,5.59749,5.98042,49477,2843,2,,4.04228E-05,2,3.93497E-05,1.946903429
2016,32,5.690435482,5.56772,5.95033,49715,2827,2,,4.02293E-05,2,3.93618E-05,1.956869564
2016,33,5.762085518,5.55339,5.9357,49791,2864,5,,0.00010042,5,9.67827E-05,4.818906265
2016,34,5.7242731,5.55464,5.93664,49491,2827,6,,0.000121234,6,0.000117642,5.822196009
2016,35,5.79914849,5.57136,5.95305,49559,2869,5,,0.00010089,5,9.69269E-05,4.803601778
2016,36,5.766233766,5.60322,5.9846,50050,2881,5,,9.99001E-05,5,9.70759E-05,4.858647973
2016,37,6.213919179,5.64968,6.03077,49888,3092,8,,0.000160359,8,0.000145798,7.27358028
2016,38,6.066622546,5.70999,6.09078,49863,3016,9,,0.000180495,9,0.000169884,8.470925892
2016,39,5.965038028,5.78321,6.1637,50226,2985,11,,0.00021901,11,0.000212334,10.66469479
2016,40,5.917274939,5.86819,6.24839,51375,3022,18,,0.000350365,18,0.000347459,17.85068652
2016,41,6.146699173,5.96364,6.34355,52093,3191,11,,0.000211161,11,0.000204872,10.67240126
2016,42,6.190920761,6.06811,6.44773,51414,3176,7,,0.00013615,7,0.000133449,6.861139343
2016,43,6.071773104,6.18001,6.55934,51830,3130,17,,0.000327995,17,0.000333842,17.30304611
2016,44,6.022349393,6.29766,6.67671,51724,3099,16,,0.000309334,16,0.000323475,16.73143709
2016,45,6.146081326,6.41931,6.79807,52505,3208,19,,0.00036187,19,0.000377958,19.84465931
2016,46,5.985625515,6.54313,6.92161,53428,3191,7,,0.000131017,7,0.00014322,7.651983888
2016,47,6.170004517,6.66727,7.04548,53128,3256,22,,0.000414094,22,0.000447468,23.7730685
2016,48,6.502143564,6.7899,7.16782,54582,3515,34,,0.000622916,34,0.000650484,35.5046913
2016,49,6.61794044,6.90918,7.28683,55138,3616,33,,0.000598498,33,0.000624837,34.45225022
2016,50,6.833973386,7.02334,7.40071,55985,3780,46,,0.000821649,46,0.000844416,47.27464123
2016,51,6.752587316,7.1307,7.50779,56719,3738,92,,0.001622031,92,0.001712857,97.15156122
2016,52,7.398791751,7.22964,7.60647,57604,4105,157,,0.002725505,157,0.002663194,153.4106538
2017,1,8.110369292,7.31872,7.69527,59763,4558,289,,0.004835768,289,0.004363751,260.7908474
2017,2,7.991144638,7.39659,7.77287,60980,4505,368,,0.006034765,368,0.005585769,340.6201794
2017,3,8.422579394,7.46211,7.83812,59293,4621,373,,0.006290793,373,0.005573422,330.4649205
2017,4,8.258824746,7.51428,7.89002,58047,4427,367,,0.006322463,367,0.005752484,333.9144303
2017,5,8.219811062,7.55233,7.9278,58432,4452,351,,0.006006982,351,0.005519192,322.4974163
2017,6,8.242149124,7.57567,7.95088,59038,4447,419,,0.007097124,419,0.006523234,385.1186969
2017,7,8.488517246,7.58394,7.95888,58479,4419,545,,0.009319585,545,0.008326445,486.9221774
2017,8,8.533488883,7.57699,7.95167,58288,4369,605,,0.010379495,605,0.009216082,537.1869599
2017,9,8.372921615,7.55489,7.9293,57256,4260,534,,0.009326533,534,0.008415334,481.8283803
2017,10,8.168484785,7.51794,7.89208,57477,4223,472,,0.00821198,472,0.007557972,434.4095354
2017,11,7.900310647,7.46664,7.84052,56656,4100,376,,0.006636543,376,0.006272245,355.3602846
2017,12,7.73073889,7.4017,7.77532,57045,4091,319,,0.005592076,319,0.005354064,305.4225907
2017,13,7.575893578,7.32404,7.69739,55703,3887,333,,0.005978134,333,0.005779396,321.9297229
2017,14,7.409354605,7.23475,7.60783,55160,3821,266,,0.004822335,266,0.004708695,259.7315964
2017,15,7.261989391,7.13508,7.5079,54861,3776,208,,0.0037914,208,0.003725142,204.3650245
2017,16,6.87959299,7.02645,7.39901,53070,3489,162,,0.003052572,162,0.003117735,165.4581749
2017,17,6.657284924,6.9104,7.28269,53295,3458,90,,0.001688714,90,0.00175292,93.42186899
2017,18,6.401807927,6.78855,7.16058,52657,3308,63,,0.001196422,63,0.0012687,66.80591715
2017,19,6.282581514,6.66265,7.03441,51985,3216,50,,0.000961816,50,0.001020002,53.02477958
2017,20,6.200457317,6.53446,6.90595,52480,3201,53,,0.001009909,53,0.00106431,55.85497364
2017,21,6.111198305,6.40579,6.77702,50972,3091,24,,0.000470847,24,0.000493544,25.15692542
2017,22,5.934914937,6.27847,6.64943,51256,3019,23,,0.000448728,23,0.000474704,24.33140349
2017,23,6.114590221,6.15427,6.52496,51418,3127,17,,0.000330624,17,0.000332769,17.11031913
2017,24,6.079099159,6.03495,6.40538,50797,3069,19,,0.000374038,19,0.000371321,18.86201343
2017,25,5.854087313,5.92218,6.29233,51195,2982,15,,0.000292997,15,0.000296405,15.17447473
2017,26,5.855740166,5.81753,6.18741,50617,2954,10,,0.000197562,10,0.000196273,9.934747504
2017,27,5.577032516,5.72244,6.09206,50959,2824,18,,0.000353225,18,0.000362435,18.46930598
2017,28,6.10529686,5.63825,6.00759,49973,3047,4,,8.00432E-05,4,7.392E-05,3.694005471
2017,29,5.515989387,5.56609,5.93515,50127,2755,10,,0.000199493,10,0.000201305,10.09082797
2017,30,5.785827155,5.50694,5.87573,49362,2853,3,,6.07755E-05,3,5.7846E-05,2.855394667
2017,31,5.388623795,5.46159,5.8301,50087,2695,4,,7.9861E-05,4,8.09424E-05,4.054163146
2017,32,5.430260565,5.43062,5.79885,50237,2722,6,,0.000119434,6,0.000119442,6.000397147
2017,33,5.380093654,5.4144,5.78236,50185,2689,11,,0.000219189,11,0.000220587,11.07014187
2017,34,5.579901852,5.41311,5.78078,49517,2756,7,,0.000141366,7,0.00013714,6.790759229
2017,35,5.356861819,5.42667,5.79406,50832,2716,7,,0.000137709,7,0.000139503,7.091220809
2017,36,5.564818266,5.45482,5.82193,50981,2825,12,,0.000235382,12,0.000230729,11.76279923
2017,37,5.85754633,5.49707,5.8639,51694,3021,7,,0.000135412,7,0.000127079,6.5692165
2017,38,5.760296701,5.55275,5.91928,51230,2935,16,,0.000312317,16,0.000301064,15.42351108
2017,39,5.661920807,5.62096,5.98721,51343,2888,19,,0.00037006,19,0.000367383,18.8625457
2017,40,5.829975053,5.70065,6.06661,52110,3022,16,,0.000307043,16,0.000300232,15.64507552
2017,41,5.853270774,5.79059,6.15625,51578,3001,18,,0.000348986,18,0.000345249,17.80724385
2017,42,6.096346787,5.8894,6.25477,52228,3156,28,,0.000536111,28,0.000517912,27.04951109
2017,43,6.283778641,5.99559,6.36067,52548,3279,23,,0.000437695,23,0.000417621,21.94516673
2017,44,6.056372138,6.10756,6.47234,53679,3215,36,,0.000670653,36,0.000676322,36.30426846
2017,45,6.055428293,6.2236,6.58809,53258,3180,45,,0.000844943,45,0.000868409,46.24974262
2017,46,6.258020122,6.34199,6.70619,53771,3315,50,,0.000929869,50,0.000942346,50.67089811
2017,47,6.005173688,6.46095,6.82485,54120,3202,48,,0.000886918,48,0.000954233,51.64306915
2017,48,6.530314098,6.5787,6.94229,54760,3493,83,,0.001515705,83,0.001526935,83.61498265
2017,49,6.558143718,6.69347,7.05677,55595,3528,118,,0.002122493,118,0.00216629,120.4349118
2017,50,6.839811748,6.80356,7.16656,57370,3759,165,,0.002876068,165,0.002860824,164.125482
2017,51,7.303587934,6.90732,7.27001,59505,3987,359,,0.006033106,359,0.005705771,339.5218764
2017,52,8.330332297,7.00321,7.36559,61090,4418,671,,0.010983794,671,0.009233944,564.1016159
2018,1,9.55786736,7.08978,7.45186,66134,5156,1165,,0.01761575,1165,0.01306691,864.1670143
2018,2,10.54744796,7.16574,7.52752,67495,5583,1536,,0.022757241,1536,0.015460847,1043.529836
2018,3,10.88526923,7.22996,7.59144,64647,5411,1626,,0.025151979,1626,0.016705862,1079.983849
2018,4,10.56865244,7.28147,7.64264,62780,5187,1448,,0.02306467,1448,0.015890834,997.6265773
2018,5,10.22895004,7.31948,7.68034,60974,4877,1360,,0.022304589,1360,0.015960386,973.1685814
2018,6,9.707085583,7.3434,7.70396,61110,4689,1243,,0.02034037,1243,0.015387468,940.3281883
2018,7,9.665601633,7.35286,7.71311,59779,4599,1179,,0.019722645,1179,0.015003499,896.8941892
2018,8,9.201806447,7.34769,7.70763,57793,4426,892,,0.015434395,892,0.012324444,712.2666096
2018,9,8.435052565,7.32792,7.68756,56692,4044,738,,0.01301771,738,0.011309086,641.1347076
2018,10,8.000980856,7.29381,7.65314,57093,4061,507,,0.008880248,507,0.008095363,462.1885412
2018,11,7.62880375,7.24582,7.60484,56326,3853,444,,0.007882683,444,0.007486954,421.7101639
2018,12,7.418498727,7.18461,7.54332,55766,3792,345,,0.006186565,345,0.005991517,334.1229191
2018,13,7.398302924,7.11102,7.46942,54918,3779,284,,0.005171346,284,0.004970538,272.9720181
2018,14,7.230440916,7.02609,7.38418,55294,3698,300,,0.005425543,300,0.005272204,291.521226
2018,15,6.887810531,6.931,7.28878,55228,3590,214,,0.003874846,214,0.003899143,215.34187
2018,16,6.628668715,6.82708,7.18455,54038,3429,153,,0.002831341,153,0.002916089,157.5796415
2018,17,6.538611871,6.71581,7.07297,53727,3394,119,,0.002214901,119,0.002274926,122.2249318
2018,18,6.148006178,6.59873,6.95558,53741,3198,106,,0.001972423,106,0.002117026,113.7710926
2018,19,5.920736973,6.4775,6.83404,52105,3032,53,,0.001017177,53,0.001112828,57.98391342
2018,20,5.922794263,6.35382,6.71005,50618,2955,43,,0.0008495,43,0.000911322,46.12928423
2018,21,5.845392605,6.22942,6.58534,50929,2951,26,,0.000510515,26,0.000544054,27.70813373
2018,22,5.74199236,6.10604,6.46165,51045,2905,26,,0.000509354,26,0.000541648,27.64842411
2018,23,5.619122709,5.98541,6.34071,52001,2908,14,,0.000269226,14,0.000286775,14.9126019
2018,24,5.738805535,5.8692,6.2242,51387,2935,14,,0.000272442,14,0.000278633,14.31810148
2018,25,5.626518298,5.75904,6.11373,51044,2865,7,,0.000137137,7,0.000140367,7.164871394
2018,26,5.65726084,5.65645,6.01082,50855,2868,9,,0.000176974,9,0.000176948,8.998710054
2018,27,5.376905812,5.56283,5.9169,51684,2769,10,,0.000193483,10,0.000200174,10.34578286
2018,28,5.442362915,5.47947,5.83324,51191,2781,5,,9.76734E-05,5,9.83394E-05,5.034090969
2018,29,5.362682527,5.4075,5.76096,50609,2706,8,,0.000158075,8,0.000159396,8.06685829
2018,30,5.388471178,5.34788,5.70103,50274,2697,12,,0.000238692,12,0.000236894,11.90960439
2018,31,5.262950017,5.30138,5.65423,50637,2661,4,,7.89936E-05,4,7.95704E-05,4.029207941
2018,32,5.264190555,5.26861,5.62115,50967,2673,10,,0.000196205,10,0.00019637,10.0083953
2018,33,5.212620027,5.24995,5.60219,50301,2617,5,,9.94016E-05,5,0.000100113,5.035807303
2018,34,5.396460493,5.24559,5.59752,50459,2713,10,,0.000198181,10,0.00019264,9.720426948
2018,35,5.208353915,5.25551,5.60714,50611,2630,6,,0.000118551,6,0.000119625,6.054323595
2018,36,5.477246069,5.27948,5.6308,50299,2749,6,,0.000119287,6,0.00011498,5.783358936
2018,37,5.42059002,5.31706,5.66809,51083,2761,8,,0.000156608,8,0.000153617,7.847204796
2018,38,5.486303627,5.36765,5.71837,51583,2819,11,,0.000213249,11,0.000208637,10.76210032
2018,39,5.547597088,5.43041,5.78083,50959,2813,14,,0.000274731,14,0.000268927,13.70426489
2018,40,5.689783601,5.50436,5.85449,52357,2969,10,,0.000190996,10,0.000184772,9.67411133
2018,41,5.550733862,5.58836,5.93819,51849,2866,12,,0.000231441,12,0.00023301,12.08134306
2018,42,5.6701712,5.68112,6.03065,52979,2986,18,,0.000339757,18,0.000340413,18.03475705
2018,43,5.745587114,5.78121,6.13044,53763,3065,24,,0.000446404,24,0.000449171,24.14880103
2018,44,5.645251501,5.88712,6.23606,53638,3003,25,,0.000466087,25,0.000486057,26.07111481
2018,45,5.694441851,5.99725,6.34589,53561,3020,30,,0.000560109,30,0.000589893,31.59528268
2018,46,5.79180226,6.10995,6.45829,54698,3142,26,,0.000475337,26,0.000501448,27.42819814
2018,47,5.850821376,6.2235,6.57155,54847,3178,31,,0.000565209,31,0.000601211,32.97460093
2018,48,6.038866691,6.33623,6.68398,55060,3287,38,,0.000690156,38,0.000724141,39.87117986
2018,49,6.171493916,6.44643,6.79388,55967,3398,56,,0.00100059,56,0.001045165,58.49476398
2018,50,6.387997233,6.55245,6.89962,56387,3551,51,,0.000904464,51,0.000927748,52.31294533
2018,51,6.329606567,6.65273,6.9996,56528,3490,88,,0.001556751,88,0.001636222,92.49235854
2018,52,6.739727983,6.74575,7.09232,56026,3635,141,,0.002516689,141,0.002518937,141.125985
2019,1,7.133901878,6.83012,7.1764,72583,4923,255,,0.003513219,255,0.003363616,244.1413731
2019,2,7.174270527,6.90458,7.25058,78447,5309,319,,0.00406644,319,0.003913577,307.0083588
2019,3,7.293422178,6.96802,7.31372,77138,5319,307,,0.00397988,307,0.003802315,293.3029362
2019,4,7.342374121,7.01947,7.36488,76542,5210,410,,0.005356536,410,0.005120966,391.9689534
2019,5,7.612901533,7.05816,7.40328,76239,5387,417,,0.005469642,417,0.005071076,386.6137907
2019,6,7.067054477,7.08348,7.42831,76326,4999,395,,0.00517517,395,0.005187198,395.9180744
2019,7,7.430742148,7.09504,7.43959,75551,5015,599,,0.007928419,599,0.007570233,571.9386941
2019,8,7.51173102,7.09264,7.4369,77359,5186,625,,0.008079215,625,0.007628463,590.1302893
2019,9,7.592522437,7.07628,7.42024,76549,5236,576,,0.007524592,576,0.007012968,536.8357241
2019,10,7.639816821,7.04616,7.38984,77083,5256,633,,0.008211927,633,0.007573814,583.8123327
2019,11,7.475273295,7.00268,7.34607,76840,5146,598,,0.007782405,598,0.007290395,560.1939186
2019,12,7.424717901,6.94644,7.28954,74885,4990,570,,0.007611671,570,0.00712135,533.2823217
2019,13,7.413724184,6.87822,7.22103,75050,5000,564,,0.00751499,564,0.006972171,523.2614518
2019,14,7.251273729,6.79897,7.14149,75173,5081,370,,0.00492198,370,0.004614968,346.9209678
2019,15,6.787336343,6.70979,7.05202,75081,4748,348,,0.004634994,348,0.004582039,344.0240474
2019,16,6.57226005,6.61193,6.95388,71817,4505,215,,0.00299372,215,0.00301179,216.2977331
2019,17,6.473251955,6.50678,6.84844,71108,4373,230,,0.003234517,230,0.00325127,231.1912792
2019,18,6.214371964,6.39581,6.73718,71222,4313,113,,0.001586588,113,0.001632911,116.2992068
2019,19,6.154084202,6.28057,6.62166,71091,4276,99,,0.001392581,99,0.001421203,101.0347616
2019,20,5.896126011,6.16269,6.50349,70470,4090,65,,0.000922378,65,0.000964079,67.93865146
2019,21,5.756717119,6.04382,6.38434,70231,3983,60,,0.000854324,60,0.000896931,62.99236049
2019,22,6.112284507,5.92562,6.26585,70072,4239,44,,0.000627926,44,0.000608749,42.65627356
2019,23,5.644728638,5.80976,6.1497,68967,3857,36,,0.000521989,36,0.00053725,37.05250924
2019,24,5.54454023,5.69783,6.03749,69600,3828,31,,0.000445402,31,0.000457716,31.85705625
2019,25,5.543785311,5.59141,5.93078,67968,3755,13,,0.000191266,13,0.00019291,13.11167838
2019,26,5.456154862,5.49196,5.83105,68913,3730,30,,0.000435332,30,0.000438188,30.19687017
2019,27,5.248783322,5.40087,5.73967,68835,3600,13,,0.000188857,13,0.00019433,13.37668288
2019,28,4.926101244,5.31936,5.65788,69081,3392,11,,0.000159233,11,0.000171945,11.87814807
2019,29,4.985448749,5.24856,5.5868,68379,3403,6,,8.77462E-05,6,9.23771E-05,6.316655047
2019,30,5.279581556,5.18942,5.52736,67297,3530,23,,0.000341769,23,0.000335932,22.60721967
2019,31,5.365237423,5.1427,5.48036,67285,3604,6,,8.91729E-05,6,8.54742E-05,5.751134119
2019,32,4.733544173,5.10902,5.4464,67666,3196,7,,0.000103449,7,0.000111655,7.555256419
2019,33,4.839700835,5.08877,5.42587,66719,3221,8,,0.000119906,8,0.000126077,8.411710018
2019,34,4.640621951,5.08218,5.41899,66629,3086,6,,9.00509E-05,6,9.86193E-05,6.570903711
2019,35,5.027916544,5.08927,5.42579,68060,3409,13,,0.000191008,13,0.000193339,13.15863329
2019,36,4.88967524,5.10984,5.44608,68389,3332,12,,0.000175467,12,0.000183367,12.5403175
2019,37,4.856749353,5.14352,5.47947,66073,3193,16,,0.000242156,16,0.000256455,16.94473279
2019,38,5.085380467,5.18975,5.52542,66760,3381,14,,0.000209706,14,0.00021401,14.28732825
2019,39,5.008848531,5.25223,5.5879,68938,3423,30,,0.000435174,30,0.000456319,31.4577091
2019,40,5.00199312,5.32572,5.66139,67733,3372,16,,0.000236222,16,0.00025151,17.03551324
2019,41,5.027335219,5.40917,5.74484,68227,3387,43,,0.000630249,43,0.000678118,46.26592417
2019,42,5.329617446,5.50139,5.83706,69611,3663,47,,0.000675181,47,0.000696942,48.51480104
2019,43,5.516923031,5.60106,5.93673,67157,3660,45,,0.000670072,45,0.000680291,45.68628175
2019,44,5.276940052,5.70676,6.04243,67975,3557,30,,0.000441339,30,0.000477287,32.44357493
2019,45,5.311146569,5.81696,6.15263,70192,3703,25,,0.000356166,25,0.000390086,27.38090507
2019,46,5.635314638,5.9301,6.26578,67077,3746,34,,0.00050688,34,0.000533395,35.77855239
2019,47,5.490493017,6.04456,6.38023,59430,3224,39,,0.000656234,39,0.000722457,42.93564153
2019,48,5.071826444,6.15868,6.49435,51165,2520,75,,0.001465846,75,0.001779965,91.07192549
2019,49,5.615166739,6.27084,6.60651,48369,2625,91,,0.00188137,91,0.002101055,101.6259118
2019,50,5.696453037,6.37943,6.7151,32845,1827,44,,0.001339626,44,0.00150024,49.27538561